Title2,Link2,with_level_3,Author,Date,Like,Content
Are there any service centers that routinely work on the weekend?,https://www.cirruspilots.org/copa/member/sr_aircraft/w/copapedia/946.are-there-any-service-centers-that-routinely-work-on-the-weekend.aspx,No,", '', 'ctrease', 'ctrease",23 May 2017 9:05,0,Title says it all.\n\xa0It is often hard for me to get my plane to a center during the week.
Door Decals,https://www.cirruspilots.org/copa/member/sr_aircraft/w/copapedia/1011.door-decals.aspx,No,", '', 'Mark Craig', 'Mark Craig",26 Sep 2018 6:01,0,"Looking for right side door stripe decals.\nAs indicated, need the blue and gray stripe immediately below the door handle, but willing to add to my growing inventory."
Nose Wheel Pant and Strut Beating at Oshkosh 2017,https://www.cirruspilots.org/copa/member/sr_aircraft/w/copapedia/949.nose-wheel-pant-and-strut-beating-at-oshkosh-2017.aspx,No,", '', 'Stuart Simek', '', 'Stuart Simek', 'Stuart Simek",31 Jul 2017 9:32,0,"Yesterday, I made my first trek over to Oshkosh this year for Airventure. \xa0I\'ve never been before, \xa0and wanting to have another pilot, I decided to bring my CSIP instructor and 2 other PAX. I didn\'t have time to spend overnight so we just did a quick day trip, plus the flight was only an hour and a half from my home base.\nAfter a fun day at the show we went back to airplane which was parked on the grass in row 625 in the North Forty and fired her up and began to taxi back to the edge of the concrete taxiway. \xa0As all of you know, any airplane needs more power to get going in the grass, even more so with 4 people, so once we got out of our parking spot I kept the plane going with the yolk all the way back at a safe and reasonable taxi speed. The parking rows were rather narrow at the end of the day and you had to pay attention to your wing clearance on both sides, so far so good. Upon reaching the transition edge of the grass to the concrete taxiway the nose gear made a loud bang and scraping noise (like when the front air spoiler of your car sometime sounds going up or down a driveway from the road) that didn\'t sound very good at all. I looked over at my CSIP instructor \xa0and cursed with several expletives! The plane kept moving and I was waiting for the same noise to occur when the mains cleared onto the concrete but I was pleasantly surprised that no noise or scraping sound occurred. \xa0After we got on the taxiway my instructor said, ""Don\'t worry, I\'m sure it\'ll be fine"". We proceeded to depart from Oshkosh and landed about 20 minutes away for a quick lunch. When I got out I inspected the nose wheel pant \xa0and immediately noticed significant damage on the bottom and to my horror I noticed that the strut appeared to have been bent down. Similar to if you would have stubbed your toe on a concrete curb. \xa0There was separation between the strut cover and then wheel pant cover of about 1 inch.\nSo in hindsight, it appears that there was a lack of soil up against the concrete and I was the unfortunate airplane with wheel pants who ran into it while going back on the taxiway, like many of airplanes had done previously in the same spot. \xa0Did I have too much speed? If I went slower, would I have enough speed to get over the transition without getting stuck in the grass? Due to the tight rows, I couldn\'t have gone at a 45 degree angle. Obviously concrete is poured with into a form, unlike asphalt which is tapered off into the soil or grass. \xa0I asked my instructor what I could\'ve done differently and he said ""I wouldn\'t have done anything differently and I don\'t think you could\'ve done anything differently, it\'s just an unfortunate deal"". While his comments made me feel better for about 10 seconds, I\'m still asking myself what could I have done to avoid it or change the outcome? Clearly next time I can request paid parking on the ramp, but what \xa0about the next crowded fly-in or pancake breakfast and I have to park on the grass?\xa0\nI flew the plane home and dropped it off at the shop and I\'m not looking forward to the phone call and repair estimate next week. Yes-Im pissed about having the upcoming repair bill that I brought \xa0upon myself, but feel very fortunate to be in a position in which I own a beautiful aircraft and will ultimately be able to solve this problem. \xa0I think I\'m most worried that it\'s going to get stuck in the shop I\'m gonna have to cancel a few missions.\nJust wanted to share with us some of my other COPA friends and see what they have to say and to let them learn from my experience."
Oil Door Support for Summer Time Cooling,https://www.cirruspilots.org/copa/member/sr_aircraft/w/copapedia/915.oil-door-support-for-summer-time-cooling.aspx,No,", '', 'Michael Samp', 'Michael Samp",25 Aug 2016 4:31,1,"I am based in Colorado Springs, CO and often see USAF Academy SR20s around the state.\xa0 I recently parked next to a pair of them at Centennial on a hot day.\xa0 I saw they had really neat supports to hold the oil door open on the top of the cowling to allow the heat to escape while parked on the ramp.\xa0 I have often wanted to leave the door open, but the wind would blow it shut.\xa0 The attached photos show what I ""reverse engineered"" from looking at the USAF SR20s.\xa0 I made it from about $3 of materials from Home Depot.\xa0 I needed about 30"" of small PVC pipe, two 90 degree elbows and about 24"" of foam pipe insulation.\xa0 It works fantastic and minimizes the fuel line vaporization so common on the IO-550."
Prop Strike Advice Needed,https://www.cirruspilots.org/copa/member/sr_aircraft/w/copapedia/886.prop-strike-advice-needed.aspx,No,", '', 'John Shaeffer', 'John Shaeffer",10 Mar 2016 22:54,0,Had a prop strike in my SR-20 this past weekend.\nAppears that the engine (\xa0 IO-360 ES ) will need to be disassembled and crank inspected.\nCan anyone recommend a reputable engine company that can do this work?\xa0 Local AP wants to disassemble and send only the crank out for inspection.\xa0 Seems that this would better be done by an organization who knows this engine.\nThanks.\n...John
Regards from Chile / New pilot owner!,https://www.cirruspilots.org/copa/member/sr_aircraft/w/copapedia/843.regards-from-chile-new-pilot-owner.aspx,No,", '', 'Roberto Dabed', 'Roberto Dabed",17 Oct 2014 13:03,0,"""As I say, regards from Chile. I'm a new pilot, not even in cirrus but in the activity. But in my few hours I've had got quickly enougth experience, due I had an accident in our formal 414.\xa0\nSo im flying cirrus since last year, I have hundred of question, so i expect solving here in the time.\nregards for everyone!"""
Spots of corrosion on elevator - where else?,https://www.cirruspilots.org/copa/member/sr_aircraft/w/copapedia/961.spots-of-corrosion-on-elevator-where-else.aspx,No,", '', 'Jim Lewis', 'Jim Lewis",2 Jan 2018 3:31,0,"I\'ve been watching a tiny (1/2"") bump under the paint on my r/h elevator horn by the silver screws for awhile, unsure exactly what it was.\xa0 Recently figured out it\'s corrosion.\xa0 In retrospect, it should have been obvious.\xa0\nI inspected the rest of the elevator yesterday and found four additional spots, all aft of, but right at the seam of the leading edge wrap.\xa0 I\'ve looked at historical posts and never determined what those folks did. Wondered if there was anything new.\xa0 This is a 2006 -22, based in Portland, always hangared.\xa0 Pictures attached.\xa0\nQuestion...did others\' solutions involve; 1) spot treatment, 2) strip and repaint, or 3) de-rivet of the elevator leading edge?\xa0 I\'ve seen the Corrosion X mentioned, as well as ""fogging"" the inside of the elevator with a corrosion inhibitor?\xa0 I\'ve also seen mention of borescope inspection.\xa0 Interestingly, I notice that the clear tape covering one of the access holes at the end of the stabilizer is missing.\xa0 The annual was in August, but no idea how long it\'s been gone or if that\'s even a casual factor.\xa0 Can I assume there are other spots on the plane?\xa0 Flap fairings?\xa0 I looked at the rudder and didn\'t see anything. \xa0\nEager to hear if anybody has been through this recently...and if it\'s something you handled in the hangar or if the plane was down for a while getting ripped apart. (apologies for the rotated r/h stab shot...can\'t figure out how to rotate it here).\nWhat did you folks do?\xa0 Did it go away or does it keep coming back?"
Tires and Tubes,https://www.cirruspilots.org/copa/member/sr_aircraft/w/copapedia/888.tires-and-tubes.aspx,No,", '', 'John Evans', 'John Evans",15 Apr 2016 6:44,0,"I notice there has not been much discussion about tires and tubes for a few years.\xa0\nWhat are your favorites, new or used, Goodyear or Michelin, butyl or other?\xa0\nAnd, what happened to the LoPresti No-Flat tires of around 2011?\nJP\nSR20 N766SA #1101"
Emergency accessories,https://www.cirruspilots.org/copa/member/sr_aircraft/w/copapedia/emergency-accessories.aspx,No,", '', 'Eharrison', 'Eharrison",17 Aug 2013 0:11,0,Emergency Accessories
Entertainment accessories,https://www.cirruspilots.org/copa/member/sr_aircraft/w/copapedia/517.entertainment-accessories.aspx,Yes,", '', 'Eharrison', '', 'Peter Storer', 'Peter Storer",30 Apr 2014 1:31,0,Low aux audio volume problem
Navigation accessories,https://www.cirruspilots.org/copa/member/sr_aircraft/w/copapedia/519.navigation-accessories.aspx,Yes,", '', 'Eharrison', '', 'Peter Storer', 'Peter Storer",2 May 2014 0:29,0,"Activating Garmin 396\nGarmin 396 Bloster Mounting Unit\nGarmin 396 mounting, installation and wiring solutions"
Safety accessories,https://www.cirruspilots.org/copa/member/sr_aircraft/w/copapedia/523.safety-accessories.aspx,Yes,", '', 'Eharrison', '', 'Peter Storer', 'Peter Storer",2 May 2014 5:21,0,JPI EDM-700 Installation\nStall warning voice alert\nSurvival kit\nSurvival vest
Toys,https://www.cirruspilots.org/copa/member/sr_aircraft/w/copapedia/toys.aspx,No,", '', 'Eharrison', 'Eharrison",17 Aug 2013 0:19,0,Toys
Weather Accessories,https://www.cirruspilots.org/copa/member/sr_aircraft/w/copapedia/weather-accessories.aspx,No,", '', 'Eharrison', 'Eharrison",17 Aug 2013 0:20,0,"Two common weather accessories are found in Cirrus airplanes:\n1.  BF Goodrich Storm Scope.  A lightening detector.  \r\nBenefits: Real time, sees lightening before rain begins.  Turbulance is associated with lightening more than rain.  Shows relative direction of lightening with decent accuracy.\r\nDrawbacks: Ranging is poor.  It doesn\'t know the difference between a big lightening strike a long way away and a small one nearby.\n2.  XM Radio weather.  FAA weather and NEXRAD.\r\nBenefits: Excellent ranging of NEXRAD.\r\nDrawbacks: NEXRAD is 5 minutes old ...you can\'t count on it to ""thread the needle""!"
COPA events,https://www.cirruspilots.org/copa/member/sr_aircraft/w/copapedia/531.copa-events.aspx,Yes,", '', 'Eharrison', '', 'Peter Storer', 'Peter Storer",3 May 2014 6:16,0,M1\nM5\nM5 COPApedia Presentation
COPA forum,https://www.cirruspilots.org/copa/member/sr_aircraft/w/copapedia/535.copa-forum.aspx,Yes,", '', 'Eharrison', '', 'Peter Storer', 'Peter Storer",5 May 2014 1:47,0,COPA forum image management\nCOPA forums supported attachment types\nCOPA humor
COPA Pilots magazine,https://www.cirruspilots.org/copa/member/sr_aircraft/w/copapedia/550.cirrus-pilots-magazine.aspx,No,", '', 'Eharrison', '', 'Peter Storer', 'Peter Storer",3 May 2014 6:19,0,"This high quality magazine is chock full of articles of interest to Cirrus owners. Written by and for Cirrus owners and pilots, COPA Pilot is issued six times per year and is available only to COPA members. The subscription cost is included in your COPA membership dues.\nThe complete archive of back issues of COPA Pilot magazine are available to members online for easy download - treasure-trove of information.\n\n\nCOPA Pilot archives"
COPA programs,https://www.cirruspilots.org/copa/member/sr_aircraft/w/copapedia/539.copa-programs.aspx,Yes,", '', 'Eharrison', '', 'Peter Storer', 'Peter Storer",5 May 2014 2:12,0,COPA Pilots Proficiency Program (CPPP)
COPA unoffical programs,https://www.cirruspilots.org/copa/member/sr_aircraft/w/copapedia/540.copa-unoffical-programs.aspx,Yes,", '', 'Eharrison', '', 'Peter Storer', 'Peter Storer",5 May 2014 2:26,0,ARCOPA members
COPApedia,https://www.cirruspilots.org/copa/member/sr_aircraft/w/copapedia/542.copapedia.aspx,Yes,", '', 'Eharrison', '', 'Peter Storer', 'Peter Storer",5 May 2014 2:30,0,COPApedia overview\nHelp: Article naming conventions
COPAsetic,https://www.cirruspilots.org/copa/member/sr_aircraft/w/copapedia/545.copasetic.aspx,Yes,", '', 'Eharrison', '', 'Peter Storer', 'Peter Storer",5 May 2014 2:38,0,About COPA\nBylaws\nCirrus Design contacts\nCOPA membership benefits
History,https://www.cirruspilots.org/copa/member/sr_aircraft/w/copapedia/history.aspx,No,", '', 'Eharrison', 'Eharrison",17 Aug 2013 0:53,0,History
Airframe maintenance,https://www.cirruspilots.org/copa/member/sr_aircraft/w/copapedia/airframe-maintenance.aspx,Yes,", '', 'Eharrison', 'Eharrison",16 Aug 2013 21:47,0,Airframe Maintenance
Avionics maintenance,https://www.cirruspilots.org/copa/member/sr_aircraft/w/copapedia/avionics-maintenance.aspx,Yes,", '', 'Eharrison', 'Eharrison",16 Aug 2013 21:57,0,Avionics Maintenance
Certified Mechanic New Orleans Lakefront (KNEW),https://www.cirruspilots.org/copa/member/sr_aircraft/w/copapedia/1017.certified-mechanic-new-orleans-lakefront-knew.aspx,No,", '', 'Stephen Upton', 'Stephen Upton",30 Mar 2019 0:02,0,I discovered an engine issue with a SR22 that has grounded the plane at KNEW. Does anyone know of any certified cirrus mechanics/continental mechanics that will service this location? Any recommendations would be greatly appreciated.
Cleaning,https://www.cirruspilots.org/copa/member/sr_aircraft/w/copapedia/cleaning.aspx,Yes,", '', 'Eharrison', 'Eharrison",16 Aug 2013 22:19,0,Cleaning
Owner modifications,https://www.cirruspilots.org/copa/member/sr_aircraft/w/copapedia/owner-modifications.aspx,Yes,", '', 'Eharrison', 'Eharrison",16 Aug 2013 22:24,0,Owner Modifications
Powerplant maintenance,https://www.cirruspilots.org/copa/member/sr_aircraft/w/copapedia/powerplant-maintenance.aspx,Yes,", '', 'Eharrison', 'Eharrison",16 Aug 2013 22:07,0,Powerplant Maintenance
Replacement parts,https://www.cirruspilots.org/copa/member/sr_aircraft/w/copapedia/replacement-parts.aspx,Yes,", '', 'Eharrison', 'Eharrison",16 Aug 2013 22:34,0,Replacement parts
SC Flying Network,https://www.cirruspilots.org/copa/member/sr_aircraft/w/copapedia/409.sc-flying-network.aspx,Yes,", '', 'Eharrison', '', 'Roger Whittier', 'Roger Whittier",19 May 2014 10:49,0,"Contents\n\n\n\xa0\n\nUsing the Service Center Flying Network\nCreating a new regional page\nHistory of SCFN\nList of SCFN pages\n\n\n\n\n\n\n\n\nUsing the Service Center Flying Network\nThe links from this page are intended for groups of pilots that want to ride-share on their service center visits. If you would like to join, then go to the appropriate page and edit it, adding your email address. Then when you need a ride to an SC in your area, copy the list of email addresses on the regional page and send a request putting that list in the TO field of your email.\nCreating a new regional page\nIf there isn\'t a regional page for your area, feel free to create one using one of the below as a template; simply do the following:\nSelect one of the existing pages\n\n""Edit"" it\nCopy all the text on that page\nType the name of your new page in the Search box to the left and click ""Go""\nSelect you would like to Create a page by that name\nPaste the text you copied\nReplace the email list with your email, and replace the SC list with your SC.\nClick ""Save page""\n\nHistory of SCFN\nService Center Flying Network was set up based on posts in the forums\nList of SCFN pages"
Scheduled Maintenance,https://www.cirruspilots.org/copa/member/sr_aircraft/w/copapedia/scheduled-maintenance.aspx,Yes,", '', 'Eharrison', 'Eharrison",16 Aug 2013 22:26,0,Scheduled Maintenance
Service bulletins,https://www.cirruspilots.org/copa/member/sr_aircraft/w/copapedia/service-bulletins.aspx,Yes,", '', 'Eharrison', 'Eharrison",16 Aug 2013 22:23,0,Service Bulletins
Service Centers,https://www.cirruspilots.org/copa/member/sr_aircraft/w/copapedia/service-centers.aspx,No,", '', 'Eharrison', 'Eharrison",16 Aug 2013 22:28,0,Service centers
Avionics operations,https://www.cirruspilots.org/copa/member/sr_aircraft/w/copapedia/avionics-operations.aspx,Yes,", '', 'Eharrison', '', 'Eharrison', 'Eharrison",16 Aug 2013 21:37,0,Avionics operations
CAPS,https://www.cirruspilots.org/copa/member/sr_aircraft/w/copapedia/caps.aspx,Yes,", '', 'Eharrison', '', 'Eharrison', 'Eharrison",16 Aug 2013 21:38,0,CAPS
Destinations,https://www.cirruspilots.org/copa/member/sr_aircraft/w/copapedia/destinations.aspx,Yes,", '', 'Eharrison', '', 'Eharrison', 'Eharrison",16 Aug 2013 21:38,0,Destinations
Experiences,https://www.cirruspilots.org/copa/member/sr_aircraft/w/copapedia/experiences.aspx,Yes,", '', 'Eharrison', '', 'Eharrison', 'Eharrison",16 Aug 2013 21:37,0,"The experiences category is for you to write about experiences you\'ve had flying your Cirrus such as destinations, Angel Flight, commercial maneuvers, VAC flights, etc.\nUnlike most COPApedia articles, since these are personal experiences (not group consensus) editing should be avoided. Authors should ""byline"" their articles.  Keep in mind that your submission is NOT anonymous, as the history of the submission shows each contributor regardless of whether a byline is shown within the article.\nPlease do not engage in a dialog regarding experiences - dialog belongs in the Forums.\nAdd the following text for an article in this category\r\n[[Category:Operations]]\r\n[[Category:Experiences"
Hangars and tiedowns,https://www.cirruspilots.org/copa/member/sr_aircraft/w/copapedia/hangars-and-tiedowns.aspx,Yes,", '', 'Eharrison', '', 'Eharrison', 'Eharrison",16 Aug 2013 21:38,0,Hangars and tiedowns
Instrument flying,https://www.cirruspilots.org/copa/member/sr_aircraft/w/copapedia/instrument-flying.aspx,Yes,", '', 'Eharrison', '', 'Eharrison', 'Eharrison",16 Aug 2013 21:38,0,Instrument flying
Oxygen,https://www.cirruspilots.org/copa/member/sr_aircraft/w/copapedia/oxygen.aspx,Yes,", '', 'Eharrison', 'Eharrison",16 Aug 2013 22:33,0,Oxygen
Powerplant operation,https://www.cirruspilots.org/copa/member/sr_aircraft/w/copapedia/powerplant-operation.aspx,Yes,", '', 'Eharrison', '', 'Eharrison', 'Eharrison",16 Aug 2013 21:37,0,Powerplant operation
Preflight,https://www.cirruspilots.org/copa/member/sr_aircraft/w/copapedia/preflight.aspx,Yes,", '', 'Eharrison', '', 'Eharrison', 'Eharrison",16 Aug 2013 21:38,0,Preflight
Stick and rudder,https://www.cirruspilots.org/copa/member/sr_aircraft/w/copapedia/stick-and-rudder.aspx,Yes,", '', 'Eharrison', '', 'Eharrison', 'Eharrison",16 Aug 2013 21:37,0,Stick and rudder
Weather,https://www.cirruspilots.org/copa/member/sr_aircraft/w/copapedia/weather.aspx,Yes,", '', 'Eharrison', '', 'Eharrison', 'Eharrison",16 Aug 2013 21:38,0,Weather
Aircraft market,https://www.cirruspilots.org/copa/member/sr_aircraft/w/copapedia/aircraft-market.aspx,No,", '', 'Eharrison', 'Eharrison",16 Aug 2013 23:44,0,Aircraft Market
Brokers,https://www.cirruspilots.org/copa/member/sr_aircraft/w/copapedia/brokers.aspx,No,", '', 'Eharrison', 'Eharrison",16 Aug 2013 23:44,0,"Leading Edge Aircraft Sales offers Brokerage Services anywhere in the country, and is based out of Tampa Executive Airport.  The location includes a full maintenance facility with avionics shop, as well as Cirrus flight training.  Give us a call and we would be glad to talk with you in detail about your aircraft and the services we have to offer.  \n813.626.1515  www.buyacertifiedcirrus.com\n[email\xa0protected"
Comparisons,https://www.cirruspilots.org/copa/member/sr_aircraft/w/copapedia/comparisons.aspx,Yes,", '', 'Eharrison', 'Eharrison",16 Aug 2013 23:45,0,Comparisons
COPA SR20/SR22 Model History 1999-2007,https://www.cirruspilots.org/copa/member/sr_aircraft/w/copapedia/503.copa-sr20sr22-model-history-1999-2007.aspx,Yes,", '', 'Eharrison', '', 'Rick Beach', 'Rick Beach",19 Aug 2014 7:07,0,"TECHTALK Originally published in COPA Pilot magagine, Jan/Feb 2008 issue\n\nTable of Contents Cirrus SR20/SR22 Model History 1999-2007State of the MarketNew or Used? Which model - SR20 or SR22?Cirrus Original Price Recap Installed and Optional EquipmentCirrus Model History, Specifications and Comments Serial number, not year built, is the best guide to features. Options Original new pricing 2000-2006 First Generation Cirrus (G1) Original SR20 (1999 - 2003, Serial #1005-1267)Original SR22 (2001 - early 2002, Serial #002-141)All-Electric/Avidyne “Version 2” SR20 (2003, Serial # 1268-1336)Later “6-Pack” SR22 (2002, Serial #142-434)First “Glass” SR22 (late 2002 - early 2004, most serial numbers between #435 and 819)First “Glass” SR20 (mid 2003 - mid 2004, Serial #1337-1443) G2 (Generation 2) Models Standard or optional equipment added during production of SR20 and SR22 G2 models:Early G2s; Items common to both SR20 and SR22 Electrical system redesignStatic system improvements The GTSLate SR22 G2 (Fall 2005 - early 2007, #1663-2437)Upgrades to the SR20 G2 (Mid-2004 - late 2007, serial #1442 and subsequent)Turbo SR22 G2, (2006 - 2007, some serial #2038-#2437) G3 (Generation 3) Models SR22 G3 (mid 2007 on, serial #2438 on)Turbo SR22 G3SR20 G3 (Late 2007 on) Easy Upgrades to Older Cirrus AircraftConclusion \nCirrus SR20/SR22 Model History 1999-2007\nby Tim Gieseler\nIn 1999, the owners of the first delivered Cirrus aircraft had waited in line for years. Before I took delivery of my first Cirrus in 2002, the few recently used ones available were asking more than the factory new price. Now, with some 3,600 Cirrus airplanes in the fleet, it’s a different story.\nState of the Market\nCirrus has now built some 2,700 SR22s and 850 SR20s. At this writing there are 140 SR22s and 34 SR20s listed on controller.com, the biggest online market for used airplanes. (Cirrus built only 25 SRVs - a minimally-equipped SR20 - so it is seldom seen in the used market.) There is a vibrant market for used Cirrus airplanes of all vintages, and with today’s soft economy it’s an especially great time for buyers.\nNew or Used?\n\nAs anyone who has taken delivery of a brand-new Cirrus at the factory will tell you, there’s nothing quite like the experience. Owners choose the exact options and color scheme, receive factory training, and fly away with 100% of the original warranty. You have the privi- lege of being first to settle into the pilot’s seat and the first in command (other than the test pilots). You occupy the lofty position as owner of the very latest Cirrus money\xa0can buy - very nice indeed.\nOn the other hand, you can own a fairly recent used Cirrus for a lot less than buying a new one. Many Cirrus owners pamper their airplanes like babies, so it’s not uncommon to ind used aircraft that are in excellent condition and look brand new.\nA used Cirrus can be a big step up from what you’re flying now. It might be missing a few new features or the latest color scheme, but a “previously loved” Cirrus will still take you cross-country at a breathtaking speed and turn heads at the airport.\nWhich model - SR20 or SR22?\nThis topic is argued endlessly on the COPA forum. Cirrus has built three times as many SR22s as SR20s, although in recent years the ratio has increased to four to one. While some new or low-time pilots lean toward the SR20, thinking that for safety reasons, the SR22 might be “too much airplane,” accident rates have not supported this concern.\nIn addition to the greater load capacity of the SR22, a key difference is the climb rate, where high altitudes and hot weather can impact the SR20’s capability. If flying in the mountainous Western United States or routinely filling the seats with adults is in your future, give the SR22 a close look. Some owners suggest considering an older SR22 over a newer SR20 if your budget is tight. Another difference is that air conditioning and the TKS anti-ice system were never offered on the SR20. However, SR20s are substantially less expensive and have held their value better than SR22s. Bottom line; understand your mission and budget and pick what is best for you.\nCirrus Original Price Recap\nWhile pricing sometimes changed mid-year and various incentives were given at different times, these published prices will give you a general idea of what was originally paid for a Cirrus in past years.\n\n\n\n\n\n\n\n\n\n\n\n\n\n\xa0\n\n\nSR20\nbase\n\n\nSR 20\nGTS*\n\n\nSR 22\nbase\n\n\nSR22\nGTS*\n\n\n\n\n2001\n\n\n$197,600\n\n\n\xa0\n\n\n$276,600\n\n\n\xa0\n\n\n\n\n2002\n\n\n$207,800\n\n\n\xa0\n\n\n$289,400\n\n\n\xa0\n\n\n\n\n2003\n\n\n$229,700\n\n\n$293,545\n\n\n$313,900\n\n\n$383,950\n\n\n\n\n2004\n\n\n$236,700\n\n\n$309,650\n\n\n$328,700\n\n\n$413,150\n\n\n\n\n2005\n\n\n$239,695\n\n\n$325,240\n\n\n$334,700\n\n\n$434,145\n\n\n\n\n2006\n\n\n$249,995\n\n\n$334,995\n\n\n$349,995\n\n\n$449,995\n\n\n\n\n2007\n\n\n$257,045\n\n\n$342,235\n\n\n$371,200\n\n\n$469,990\n\n\n\n\n\n\n\n\n\n\n\n\n\n\nInstalled and Optional Equipment\nYou’ll see these terms repeatedly in this article and in ads for airplanes.\n• Arnav ICDS-2000 MFD\nOriginal Cirrus MFD with somewhat lower screen resolution and fewer functions, good reputation for reliability and support.\n• Avidyne EX5000C Multifunction display (MFD)\nSeen on nearly all Cirrus aircraft. Optional display functions depend on software revision level and installed equipment.\n• Avidyne EX3000C MFD\nLower cost version of EX5000C. Less capable flight path display (no DME arcs, some options unavailable.) Uncommon.\n• Century\xa0 NSD-1000\xa0 HSI\nMechanical \xa0HSI \xa0standard original \xa0equipment \xa0unit \xa0up \xa0until \xa0PFD; \xa0very \xa0poor reliability reputation.\n• Cmax\nJeppesen approach plates and geo-referenced airport/taxiway maps for Avidyne MFD. Software upgradable add-on. Subscription required.\n• EMax Engine monitor\nIntegrated optional system for the Avidyne MFD with fuel computer, downloadable data logging.\n• E-TAWS or EGPWS\nKGP-560 Certified Class B EGPWS (Enhanced Ground Proximity Warning System) that provides visual and audible terrain, obstacle, excess sink rate, arrival warnings and relative-altitude visual display on the MFD.\n• Flight Director\nReplaces the “flying W” aircraft symbol on the PFD attitude indicator with a yellow “wedge.” Command bars give the pilot visual cues to hand-fly programmed altitudes, descents, climbs, headings, routes, or approaches.\n• Garmin GNS430\nUbiquitous GPS/Nav/Comm nearly always used for #1 position and commonly seen as dual install in Cirrus airplanes.\n• Garmin GNS420 \nLower cost IFR (nonprecision approach) GPS/Comm without ground-based Nav or Glideslope.\n• Garmin GNS430W/420W\nWAAS enabled navigators, added with the G3, with improved performance and additional vertical guidance capability, upgradeable to older models. Cost of upgrade depending on specific configuration (PFD, six-pack).\n• Garmin GNC250 GPS/Comm\nCombination communications radio and VFR-only GPS navigator.\n• Garmin GTX330 Mode S Transponder with TIS\nData link transponder with ATC radar traffic uplink, displays traffic similar to SKYWATCH but only in some terminal radar areas; FAA support and future in question.\n• GPSS\nGPS Steer function standard on 55X optionally added to some earlier S-TEC autopilot installations.\n• Oxygen\n“Semi Portable” is a small oxygen bottle in an approved installed, removable padded center armrest in the rear seat. Late 2006 installed system, as found in Turbo SR22, uses large tank in tail with controls and plumbed outlets in cockpit.\n• PFD\nPrimary \xa0Flight \xa0Display \xa0(Glass \xa0Cockpit); \xa0the Avidyne Integra PFD replaces all conventional “round” flight instruments. Conventional electric AI, Altimeter, and airspeed indicator are installed as a backup.\n• Platinum Engine\nAn upgraded engine incorporating additional balancing, flow porting, etc., with certain upgraded components; includes a longer warranty.\n• S-TEC 55X Autopilot\nBy far the most common Cirrus autopilot. Includes vertical speed, Heading, and Nav modes, plus altitude hold, altitude preselect, GPS Steer (GPSS), and glideslope capture.\n• S-TEC 55 Autopilot (not “X”)\nSimilar to 55X but without GPSS. Some aircraft have been upgraded, which can be identified by the installed “GPSS” button.\n• S-TEC 55SR Autopilot\nUncommon lower cost version of the 55X without altitude preselect or glideslope capture capability.\n• S-TEC 30 Autopilot\nFound on some SR20 airplanes from 1999-2003. A three-inch panel mounted control head provides tracking via heading bug or by VOR, LOC, or GPS. Includes altitude hold.\n• S-TEC 20 Autopilot\nLower cost version similar to the 30 but without Altitude Hold.\n• SKYWATCH\nActive interrogation traffic display, visual warning system displays on Garmin GNS430 and on Avidyne MFD. Audible feature incorporated on newer models or available as an upgrade.\n• Sandel \xa0SN3308 \xa0EHSI\nElectronic \xa0multi-mode \xa0HSI; became an optional upgrade until PFD arrived.\n• Tannis or Reiff preheater\nAftermarket electric heaters installed to pre-heat the engine when operated in cold climates. Should not impact buying decision as these are easily added on.\n• TAWS\nInexpensive \xa0(~$500), \xa0less \xa0detailed \xa0terrain/obstacle alert displaying on Garmin GNS430, no audio alerts or MFD display.\n• TKS \xa0Anti-icing \xa0system\nGlycol \xa0fluid \xa0based \xa0system with prop slinger, laser drilled wing and horizontal stabilizer titanium panels. For escaping inadvertent icing encounters, not certified or safe for flight in ice. Weight of full TKS fluid adds 27 pounds (G2) or 34.5 pounds for G3 (not included in the basic empty weight).\n• XM\xa0 \xa0Weather\nSatellite-based WxWorx weather receiver displayed on and controlled by Avidyne MFD. Subscription required.\nCirrus Model History, Specifications and Comments\nSerial number, not year built, is the best guide to features.\nUnlike car manufacturers, Cirrus doesn’t introduce design improvements in annual model years. The year assigned to a Cirrus by the FAA is simply the date the airplane was deemed airworthy. Don’t think that all aircraft of the same year are similar. Significant design changes have been introduced throughout the year.\nNote: You can look up the serial number of any aircraft by the N-number at registry.faa.gov. The following is a description of the various features, keeping the following in mind:\n\nSerial number ranges listed are approximate and there are exceptions. Equipment/features should be confirmed on any aircraft.\nSR20 serial numbering started at #1,000.\nThe author’s “educated guess” selling (not asking) prices listed are for typically-equipped airplanes with the normal range of hours and condition, as of late 2007.\nRefer to “Installed Equipment” on page 2 for descriptions of many of the features and equipment.\n\n\nOptions\nOriginal new pricing 2000-2006\nIf you are looking at a used aircraft that isn’t a loaded “GTS,” a fair price will take into account the installed equipment. While accessories were sometimes bundled into packages at a discount, you can at least get some idea what a feature originally sold for and factor that into the equation when comparing different aircraft for sale.\n3-blade prop (SR20)....................................$3,450\nLeather interior (SR20) ................................$3,395\nEX5000C upgrade (SR20 thru ‘04) ..............$2,995\nPrimary Flight Display (before std.) ...........$24,500\nGNS430/430/55X (SR20) ..........................$17,845\nGNS430/430/55X (SR22) ..........................$13,890\nSkyWatch traffic .......................................$21,500\nTKS ice protection (SR22) .........................$19,950\nPlatinum engine (SR22) ..............................$4,750\nXM Weather Datalink .................................$7,490\nWX-500 Stormscope...................................$9,795\nXM + Stormscope package .......................$13,995\nEMax Engine Monitor .................................$5,985\nCMax Approach Plates ...............................$3,600\nETAWS/EGPWS Early G2 ..........................$11,500\nETAWS/EGPWS Late G2-G3 .......................$6,995\nFlight Director ............................................$1,395\nTinted windows .............................................$495\nPolished spinner ............................................$595\nLeading Edge Protectant ................................$495\n406 Mhz ELT ..............................................$1,495\nFan Powered Ventilation G2 .......................$4,850\nAir conditioning\xa0SR22 G2 before #1864) ...........................$30,000\nAir conditioning\xa0SR22 G2 #1864 & later) ..........................$19,990\nTurbo Package (’06-’07 G2) ......................$59,800\nOxygen, semi-portable ...............................$1,990\nOxygen system, built-in..............................$9,995\nComposite 3-blade prop (SR22) ..................$9,995\nFirst Generation Cirrus (G1)\nCirrus hit the aviation world like a storm with the SR20, first delivered to faithful early-adopters in 1999, after years of waiting. The unique features common to every Cirrus aircraft built included the composite (fiberglass) construction, big flat panel multifunction display and the standard-equipment Cirrus Airframe Parachute System™ (CAPS). But the real story was that these airplanes were just drop-dead gorgeous for new and old pilots alike in a world of 20-year-old “spam cans.”\n(Aircraft built before the introduction of the G2 are often called G1, although Cirrus has never officially referred to it with that designation.)\nOriginal SR20 (1999 - 2003, Serial #1005-1267)\nThe SR20 was first produced with conventional “6-pack” flight instruments and a vacuum system with an electric/automatic standby pump. The Continental IO-360-ES 6-cylinder fuel- injected engine produces 200 horsepower and has 56-gallon tanks. Cirrus built around 267 of the original models with the ARNAV ICDS-2000 Multifunction Display (MFD), although subsequently some owners upgraded to the Avidyne MFD.\nGross weight was originally 2,900 pounds, and later increased to 3,000 pounds, retroactive with a Service Bulletin (SB) for rudder hinge replacement. Real-world empty weight varied from unit to unit on these early airplanes, but typically ran 2,050-2,100 pounds on bare-bones airplanes and 2,100- 2,150 pounds on loaded ones, especially those with the popular optional 3-blade prop. But don’t avoid the 2-blade\xa0... it performs quite well.\n\n\nOther standard equipment included a Garmin GNS430 GPS/Nav/Comm, a GNC-250 GPS/Comm, and an S-TEC 20 autopilot. Options included a Century HSI and 3-blade prop, dual alternators, Stormscope, and an S-TEC 30 autopilot. Engine monitoring was an option added later, which is worth looking for.\nMarket: At roughly $150,000 to $190,000, an early SR20 is very reasonably priced and has a lot to offer. If you can find one that’s been well taken care of, it’s a steal. Be sure proper servicing of the life-limited 5-year parts, such as reef cutters, has not been overlooked.\nOriginal SR22 (2001 - early 2002, Serial #002-141)\nIn 2001, Cirrus delivered the first SR22 using the same fuselage as the SR20, a beefed-up wing with integral 81-gallon tanks and wingtip extensions. The SR22 was mated to the perfectly matched Continental IO-550-N fuel- injected powerplant producing 310 horsepower, which has been used by every SR22 since. The power boost made the SR22 a real rocket, amazing pilots with Bonanza-like speeds despite the fixed gear. On the SR22, Cirrus went “all-electric” from the beginning; no vacuum system. Conventional “6- pack” flight instruments and 3-blade props were standard equipment, as were dual alternators and batteries. Standard avionics included an ARNAV ICDS-2000 MFD, Garmin GNS430 & 420, S-TEC 30 autopilot, and a Century HSI. Options included dual 430s, S-TEC 55X autopilot with altitude preselect, Sandel 3308 EHSI, and Stormscope.\nThe original gross weight of 3,400 pounds hasn’t changed. Actual empty weights of 2,230 to 2,250 pounds have been seen on typically-optioned early SR22s.\nMarket: There aren’t many of this type of Cirrus around. Some have been upgraded to an Avidyne MFD. A realistic budget would be $190,000 to $220,000. Check the time- limited component compliance.\nAll-Electric/Avidyne “Version 2” SR20 (2003, Serial # 1268-1336)\nOnce the all-electric SR22 had been in production for a while, Cirrus applied the design improvements to the SR20. The original vacuum system was eliminated in favor of all-electric flight instruments. Around the same time, the Avidyne EX3000 MFD took the place of the earlier ARNAV. An upgraded EX5000 MFD, Sandel electronic HSI, S-TEC 30 and S-TEC 55 or 55X autopilots were offered as additional options. Empty weights were typically 2,100-2,150 pounds.\nMarket: Like other early models, these are fairly rare birds since Cirrus built less than 100 before introducing the PFD. If you don’t care about glass, they are worth looking for. Expect to pay around $180,000 to $210,000 or so, depending on options, time, and condition.\nLater “6-Pack” SR22 (2002, Serial #142-434)\nCirrus hit their stride and cranked out a lot of upgraded SR22s in 2002 with the introduction of the Avidyne EX5000C MFD as standard equipment. New options included EMax™ engine monitoring and SKYWATCH. Most were ordered loaded with these options as well as dual 430s, S-TEC 55X, and Stormscope. Late in the year, a select few were equipped with an optional TKS anti-icing system. An improved starting mod was installed with serial #278, and a dual-exhaust system was added around serial #320. Bose® headset jacks were added late in ‘02. Typical empty weights ranged from 2,275 to 2,300 pounds.\n\nMarket: These are great airplanes and there are plenty on the market to choose from. You should be able to find a fully equipped one (but without TKS) in the range of $210,000 to $240,000.\nFirst “Glass” SR22 (late 2002 - early 2004, most serial numbers between #435 and 819)\n\nInitially announced as a $24,500 \xa0option \xa0late \xa0in \xa02002, the Avidyne Ente-gra Primary Flight Display (PFD) - the first available on a certified piston aircraft - had so much appeal that virtually everyone wanted it. Very few non-PFD airplanes were subsequently produced, and by mid-2003 Cirrus changed the PFD to standard equipment on every model.\nThe base model included Garmin GNS430/420 and an S-TEC 55SR autopilot. The options offered were dual 430s, Stormscope, SKYWATCH, EMax,\xa0 and TKS\xa0 anti-ice.\xa0 Most of the aircraft built were fully loaded. Toward the end of production, the “Centennial Edition” was introduced. It featured a 6-point engine mount, which was designed to reduce vibration, but was otherwise a cosmetic package with special paint and trim.\nAs airplanes acquire more features, they become heavier. The typical fully equipped airplane, with TKS, weighed in around 2,350 pounds, a full 100 pounds more than the original SR22.\nMarket: If you want glass on a budget, this is the one to shop for. Loaded, including TKS, should run $240,000 to\xa0$280,000.\nFirst “Glass” SR20 (mid 2003 - mid 2004, Serial #1337-1443)\nThe Avidyne PFD was not originally offered, even as an option on the SR20; the 6-pack configuration persisted until mid-2003, when the PFD became standard equipment on both models.\nBase configuration included Avidyne EX3000C MFD, Garmin GNS430 & GNC250 GPS/comms, and an S-TEC 55SR autopilot. Options included Garmin GNS420/430 upgrade for the #2 radio, EX5000C MFD, Storm-scope, SKYWATCH, EMax, 3-blade prop, and leather interior. Typical gross weights ranged from 2,110-2,160 pounds with the 3-blade prop being the big factor.\nMarket: Selling for around $200,000 to $230,000, the early SR20 glass models are very desirable and modern when\xa0compared to some similar vintage Cessnas.\nG2 (Generation 2) Models\n\nCirrus introduced the SR22 G2 in Spring of 2004 and the SR20 G2 late that summer. The redesigned G2 fuselage was built from entirely new tooling, although overall dimensions remained unchanged. Redesigned interior panels and trim were more substantial and car-like, while the overall fit and finish improved. The door mechanism was redesigned to work like a car door; slam it to close, push a button on the outside (or pull a latch on the inside) to open. The sometimes-criticized door mechanism is generally reliable and trouble- free once it is properly adjusted.\nThe lower cowl was split for easier access, and\xa0more access panels were\xa0added to the fuselage for easier maintenance.\xa0The oil door was redesigned and the latches improved. The firewall\xa0was beveled at the bottom, allowing the exhaust pipes a lower-profile fit to the fuselage, reducing the size of the “bells” in the lower cowl and theoretically providing better crash-worthiness as the aircraft may tend to “skip” rather than dig in during an off-field landing. The\xa0 lower-vibration 6-point engine mount from the Centennial Edition also became standard equipment on the SR22. Finally, cowl inlets were redesigned and a new Hartzell Scimitar prop was also fitted to the SR22.\nGenerally Cirrus owners report the SR22 G2 to be three to four knots faster than its predecessor ... but unfortunately the TKS system installed on most has a drag penalty that pretty much cancels out the gain. As a result, a G2 with TKS is about the same speed as the original SR22 without the TKS panels.\nStandard or optional equipment added during production of SR20 and SR22 G2 models:\nA number of system improvements and additional options were incorporated during the production of around 2,000 G2 aircraft over three years. \xa0Cirrus \xa0sometimes \xa0tweaked the standard equipment list, making it tricky to know what is installed in different aircraft that are for sale. If there is something on your “must have” list, be sure and track the serial number and ask.\nEarly G2s; Items common to both SR20 and SR22\nTAWS, ETAWS, and EGPWS \xa0may \xa0be \xa0confusing, \xa0but \xa0it’s an important detail. In mid-2004 (SR22 Serial #1230, SR20 #1441) Cirrus began installing the sophisticated and expensive ($11,500) KPG560 as an option (standard on GTS), and called it “TAWS”. Not long after, Garmin offered the inexpensive ($500) terrain warning function on the GNS430, calling it “TAWS”. Cirrus changed their term for the KPG560 to “ETAWS” and later to “EGPWS”. Many newer airplanes have both systems. Many owners consider ETAWS the most important safety option in the airplane. Be sure you know what you are getting with an airplane advertising just “TAWS.”\nAirbags\xa0in the front seat shoulder harnesses (AmSafe) become standard equipment (SR22 #1520, SR20 #1541).\n\nXM entertainment radio\xa0was added to the XM weather option. The Cirrus now included a “car radio,” no wires, complete with remote\xa0\xa0 \xa0control\xa0\xa0 \xa0(SR22\xa0\xa0 \xa0Serial\xa0#1544, SR20 #1473).\nLater improvements to SR20/SR22 G2’s\nElectrical system redesign\nIn Fall 2005, Cirrus introduced a significant engineering overhaul of the electrical system (SR22 Serial #1663, SR20 #1582), which significantly improved reliability - a big deal on an all-electric airplane. This change is instantly noticeable by the presence of the “glove box” instead of the engine gauges on the copilot panel. The heart of the electrical system, the Master Control Unit (MCU) was replaced with the MCU130, moving its “brains” into the cockpit instead of the hot engine compartment and improved sealing of the housing forward of the firewall. The new Data Acquisition Unit (DAU) allowed the PFD to display more information, including electrical bus voltages, percentage power and, along with Avidyne’s Rev. 7 software, oil pressure and temperature. The MFD was also able to display and log additional electrical load information. The previous 60-amp alternator was replaced with a larger one rated at 100-amps.\nThe mechanical/analog engine gauges were eliminated and the MFD and/or PFD displayed data became the primary instruments. The MFD’s data logging function now included additional data such as pressure and density altitude.\nVentilation and heating system; Dual hour meters\n\nFinally, excellent car-like climate controls were added along with improved air flow. The fan-forced ventilation option was a very nice feature in the greenhouse cabin of a Cirrus without air conditioning - taxiing with the doors open was no longer standard procedure. A second “flight time” meter was installed alongside the Hobbs meter (SR22 Serial #1863, SR20 #1639).\n\xa0Static system improvements\n\nThe alternate static air source valve was relocated to permit operation without bending over to reach into the pilot footwell\xa0- a safety benefit that could help avoid vertigo when alternate air is needed in IMC. The static system plumbing was also redesigned to reduce the risk of water intrusion in the static system (SR22 #2043, SR20 #1706).\nOther G2 Options included: Semi-portable oxygen, XM Weather, Flight Director and CMax™ approach plates.\n\nThe GTS\nThe term “GTS”was introduced as the term for “fully loaded” airplanes in late 2004. This became “sort-of fully loaded” later on, because as new options were added over time, more equipment was included and certain items (such as air conditioning) were excluded. So all GTS models, even of the same year, are not necessarily equipped the same.\nItems unique to early SR22 G2’s (Spring 2004 - Fall 2005, #820-1662)\n\nEven with all the new characteristics of the SR22 G2, initially, little changed on the standard equipment list. Standard equipment was still the Avidyne Entegra PFD/MFD suite (as it was now called). Base model radios were unchanged; Garmin GNS430/420, as well as the S-TEC 55SR autopilot. Common options continued to be dual 430s, TKS anti-ice, SKYWATCH, Stormscope, and EMax engine monitoring.\nSome new options on the SR22 were offered, including a Platinum version of the IO-550 engine and Keith air conditioning system (added on after manufacture).\nEmpty weight on actual early SR22 G2s has been reported as low as 2,275 pounds for a non-TKS model, 2,300 to 2,350 pounds for a GTS, and 2,350 to 2,413 pounds for air-conditioned models. If weight is a big issue for you, shop around since as much as a 50-pound variance has been reported on identically equipped aircraft.\nMarket: For earlier SR22 G2s; 2004 “oaded” or GTS SR22 G2 without ETAWS (#820- #1229) ranges from $260,000 to\xa0$290,000; a loaded 2005 GTS (#1230-#1662) is $300,000 to $340,000.\nLate SR22 G2 (Fall 2005 - early 2007, #1663-2437)\nAs described earlier, the numerous changes made to the G2 SR22 during its life (detailed above) took a step up with the revised electrical system. Several other improvements unique to the SR22 followed.\nFactory Air Conditioning. A new option integrated with the revised environmental system starting with serial #1864. How effective it is compared to the earlier Keith-built unit has been debated on the COPA forum; some owners feel the older Keith unit may be more effective.\n“Turbo-ready” Firewall. At serial #2037, the firewall was redesigned to provide additional heat shielding and other tweaks to accommodate the upcoming turbonormalized engine. Should Tornado Alley, Cirrus’ turbo manufacturer, catch up with demand, rumor has it that an aftermarket STC upgrade to turbonormalized capability will become available for G2s built after this point.\nReported weights of late SR22 G2s are 2,350-2,370 pounds; add another 72 pounds for air conditioning.\nMarket estimates for later SR22 GTS after #1662: 2005 SR22 GTS $320,000 to $360,000; 2006 SR22 GTS $360,000 to\xa0$390,000; and 2007 SR22 G2 GTS $380,000 to $410,000.\nNote: \xa0The \xa0popular, \xa0loaded \xa0GTS \xa0model \xa0sold \xa0for \xa0a \xa0full $100,000 more than the base model, so market pricing on a less-equipped model is entirely dependent on options.\nUpgrades to the SR20 G2 (Mid-2004 - late 2007, serial #1442 and subsequent)\nMirroring the earlier SR22, the SR20 took the jump into the G2 fuselage in the summer of 2004. Avionics and equipment were initially unchanged. Base \xa0configuration \xa0included an Avidyne EX3000C MFD, Garmin GNS430 & GNC250 GPS/comms, and S-TEC 55SR autopilot. Options included Garmin GNS420/430 upgrade for #2 radio, EX5000C MFD, Stormscope, SKYWATCH, EMax, 3-blade prop, and leather interior.\nTypical empty weights for SR20 G2s were 2,120 to 2,140 pounds for aircraft equipped with 2-blade props, and 2,160 to 2,190 pounds for GTS models with 3-blade props. Newer SR20 G2s, with more “stuff,” typically gained 20 or 30 pounds over the early ones.\nTurbo SR22 G2, (2006 - 2007, some serial #2038-#2437)\n\nIn \xa0July \xa02006, \xa0Cirrus \xa0announced \xa0a \xa0major \xa0enhancement - a \xa0turbonormalized \xa0(Turbo) \xa0SR22. \xa0Some \xa0initial \xa0models were referred to as SE22 G2’s (Signature Edition) with custom graphics including the Klapmeier’s signatures. Still using the same Continental IO- 550-N engine, Cirrus added a dual-turbo, intercooled, turbonormalizing system built by Tornado Alley, a company renowned for their turbonormalized systems used on numerous other aircraft.\nTo help with the forward CG shift and weight of the turbo equipment, Cirrus changed to a new Hartzell lightweight 3-blade composite prop and added a built-in plumbed oxygen system from Precise Flight with a 77-cubic-foot tank located in the tailcone, controlled from the front panel.\n\nSince the turbonormalized engine permits higher altitude operation, the certified ceiling of these models was increased from 17,500 to FL250 (25,000 feet). Air conditioning was not an option on the SE22 or the initial Turbo SR22 G2’s.\nPilots have been very enthusiastic about the performance of the Turbo SR22 models. One issue however was the forward CG, particularly with two passengers and a little luggage. Cirrus issued an SB allowing installation of a 15-pound ballast weight in the tail of the airplane to improve the situation. Some owners have dealt with the issue on their own with baggage compartment loading. In any case, weight and balance is a bigger issue on the Turbo SR22 G2’s than on normally aspirated units, and should be reviewed against your needs.\nReal world Turbo SR22 G2 GTS empty weights have been reported at 2,440 to 2,472 pounds.\nMarket: Due to the quick appearance of the Turbo SR22 G3 in April ‘07, 2006 and 2007 Turbo SR22 G2 models are likely to take a bigger initial price depreciation. Market guesstimate puts it current value at $420,000 to $460,000.\nG3 (Generation 3) Models\n\n\nSR22 G3 (mid 2007 on, serial #2438 on)\nIn April 2007, Cirrus announced the “Generation 3” SR22, built around a re-engineered wing structure. The SR22 G3 wing uses a full-span carbon fiber spar instead of the previous fiberglass, with the new spar being an amazing\xa087 pounds lighter. Cirrus slightly increased the wing’s dihedral, allowing elimination of the aileron-rudder bungee and improving lateral stability. The new wing’s integral fuel tanks were increased from 81 to 92 gallons. In addition, the new wings placement had a negative effect on forward CG; a problem especially significant to the Turbo and air conditioned planes. The TKS panels now span the entire leading edge of the wing. The relocated TKS wing tank holds\xa03.75 gallons, while a pulsed pump supplies fluid for up to 90 minutes.\n\nOther improvements include wingtip recognition lights, increased airflow in the environmental systems, redesigned gear and wing fairings, and a taller landing gear for better prop clearance. There was no \xa0change to the 3,400-pound maximum gross weight limit, although\xa0 the\xa0 CG\xa0envelope was increased slightly; providing needed relief for Turbo and air conditioned owners. For all G3’s, the stan- dard equipment had few changes from the late G2s. Avidyne Entegra PFD & EX5000C MFD, and an S-TEC 55SR autopilot. A notable change is the WAAS-capable Garmin GNS430W/ GNS420W navigators.\nOptions/upgrades to the base model (but included in the GTS package) include Platinum engine, dual GNS430Ws, XM weather and entertainment, S-TEC 55X, Stormscope, SKYWATCH, Honeywell TAWS-B (formerly called ETAWS), EMax, CMax, Flight Director, TKS anti-ice system, 406 MHz ELT, fan-powered ventilation system, leading edge protection, and a polished spinner.\nAdditional options to the base model (but not included in the GTS package) are air conditioning (54 pounds), a composite 3-blade prop, and a built-in oxygen system (18 pounds). A significant visual change is that the previously all-white Cirrus body paint, a limitation in the past due to heat absorption, is now available in new optional metallic paints with red, blue, and green top colors as a result of improved engineering of the paint composition.\nEmpty weight for a an SR22 G3 GTS is \xa0approximately 2,307 pounds.\nTurbo SR22 G3\n\nSome optional items on the G3 become standard on the Turbo ver- sion: composite 3-blade prop, built- in oxygen system, 406MHz ELT. Other options and GTS equipment are the same as described above for the normally aspirated version.\nEmpty weights for a Turbo SR22 G3 GTS are approximately 2,396 pounds, with air conditioning adding an additional 62 pounds.\nMarket (SR22 G3 and Turbo SR22 G3): It’s too new to judge the actual resale market as of this writing, but a six-month to one-year old airplane in perfect condition could be expected to typically sell for 10-15% below its original cost.\nSR20 G3 (Late 2007 on)\nThe SR20 remained a G2 through late 2007. The SR20 G3 was announced very late in 2007, and as a result of the longer G3 wing it has an improved maximum gross weight of 3,050 pounds; an increase of 50 pounds over the SR20 G2.\nEasy Upgrades to Older Cirrus Aircraft\nWhen looking at airplanes on the used market, keep in mind that some design improvements can be economically added to older \xa0aircraft, \xa0often \xa0based on Service Bulletins published by Cirrus. Other improvements just aren’t possible or are tough to justify economically.\nThere are many reliability or maintenance-related upgrades listed in Cirrus service bulletins that are not shown here - this list focuses on feature and functional upgrades only.\nImpractical or Impossible\xa0- Nope, forget it!\n\nPrimary Flight Display\nTKS Ice Protection\nAmSafe Airbags\nPFD engine instruments enhanced data\nFan-forced ventilation system\n\nPossible, but fairly expensive\xa0- It may be cheaper and easier to find a plane with one of these features already installed if it’s a “must have.”\n\nStormscope\nEGPWS/E-TAWS KGP-560\nAvidyne MFD upgrade from Arnav MFD equipped SR20/22\nAir Conditioning\nTurbo (if Tornado Alley catches up with Cirrus production, retrofit on G2s after #2037 might be in the future)\n\nStraightforward\xa0- cost varies so evaluate if it’s worth it for you.\n\nSKYWATCH (Avidyne TAS600 is much less expensive and very similar)\nGarmin TAWS (cheap, simple)\nXM entertainment (a portable XM radio is far less)\nXM Weather on Avidyne EX5000 MFD (a Garmin 496 or 396 portable is widely acclaimed and a fraction of the cost)\nDual hour meters\nCMax approach plates on Avidyne EX5000 MFD\nFlight Director on Avidyne PFD\nOxygen \xa0(Built-in \xa0systems \xa0available \xa0from \xa0Aerox \xa0or Precise Flight; portable systems are popular)\nStatic system improvements\n\nConclusion\nBuying an airplane is a leap of faith and as much an emotional decision as a practical one. Decide on a budget before you seriously start shopping and remember that the price you pay for the airplane isn’t the whole picture. Do your homework about financing, pre-purchase inspections, insurance, cost of operation, etc. Crunch your numbers; pick a price range, and start shopping. With a little education and preparation, you’ll know when you see an airplane that matches your must-have list. \xa0COPA"
Financing,https://www.cirruspilots.org/copa/member/sr_aircraft/w/copapedia/financing.aspx,No,", '', 'Eharrison', 'Eharrison",16 Aug 2013 23:46,0,Financing
Insurance,https://www.cirruspilots.org/copa/member/sr_aircraft/w/copapedia/insurance.aspx,Yes,", '', 'Eharrison', 'Eharrison",16 Aug 2013 23:48,0,Insurance
Purchasing,https://www.cirruspilots.org/copa/member/sr_aircraft/w/copapedia/purchasing.aspx,Yes,", '', 'Eharrison', 'Eharrison",16 Aug 2013 23:55,0,Purchasing
Taxes,https://www.cirruspilots.org/copa/member/sr_aircraft/w/copapedia/taxes.aspx,Yes,", '', 'Eharrison', 'Eharrison",17 Aug 2013 0:02,0,Taxes
Trade-in programs,https://www.cirruspilots.org/copa/member/sr_aircraft/w/copapedia/trade-in-programs.aspx,No,", '', 'Eharrison', 'Eharrison",17 Aug 2013 0:05,0,Trade-In Programs
Abbreviations,https://www.cirruspilots.org/copa/member/sr_aircraft/w/copapedia/abbreviations.aspx,Yes,", '', 'Eharrison', 'Eharrison",16 Aug 2013 22:43,0,Abbreviations
Accident history and statistics,https://www.cirruspilots.org/copa/member/sr_aircraft/w/copapedia/accident-history-and-statistics.aspx,Yes,", '', 'Eharrison', 'Eharrison",16 Aug 2013 23:05,0,Accident History and Statistics
Aerodynamics,https://www.cirruspilots.org/copa/member/sr_aircraft/w/copapedia/aerodynamics.aspx,Yes,", '', 'Eharrison', 'Eharrison",16 Aug 2013 23:08,0,Aerodynamics
CPPP,https://www.cirruspilots.org/copa/member/sr_aircraft/w/copapedia/cppp.aspx,Yes,", '', 'Eharrison', 'Eharrison",16 Aug 2013 23:09,0,CPPP
Critical decision making,https://www.cirruspilots.org/copa/member/sr_aircraft/w/copapedia/critical-decision-making.aspx,Yes,", '', 'Eharrison', 'Eharrison",16 Aug 2013 23:10,0,Critical Decision Making
Inflight buzzard strike,https://www.cirruspilots.org/copa/member/sr_aircraft/w/copapedia/490.inflight-buzzard-strike.aspx,No,", '', 'Eharrison', '', 'Roger Whittier', 'Roger Whittier",9 May 2014 0:13,0,"I was under foggles at about 2,000 ft being vectored for another approach into Shreveport Regional SHV. Probably doing about 150 kts. My instructor was having me fly +-50ft and 5 degrees. He said ""I\'ll do the radio, you maintain heading & alt."" Just as he looked up from the radio we HIT! We were at 2000\', I knew it wasn\'t a tree... Even though he said ""A BUZZARD!"" in response to my ""WHAT WAS THAT!!!???"", I knew it was a blown engine (since I have mentally prepared myself for that). Hard as I scanned the engine page (after coolly flipping over to it from the chart page,kinda proud of myself), I could not make it be a blown engine. It certainly couldn\'t be a buzzard as he said because he didn\'t even flinch (didn\'t have time). After several milisecs, I finally accepted his outlandish claim.... Plane flew the same, we canceled the approach & flew to Downtown Shreveport DTN & landed. I was stunned when I got out & saw.........."
Medical and human factors,https://www.cirruspilots.org/copa/member/sr_aircraft/w/copapedia/medical-and-human-factors.aspx,No,", '', 'Eharrison', 'Eharrison",16 Aug 2013 23:18,0,Medical and Human Factors
Safety equipment,https://www.cirruspilots.org/copa/member/sr_aircraft/w/copapedia/safety-equipment.aspx,Yes,", '', 'Eharrison', 'Eharrison",16 Aug 2013 23:19,0,Safety Equipment
Safety procedures,https://www.cirruspilots.org/copa/member/sr_aircraft/w/copapedia/safety-procedures.aspx,Yes,", '', 'Eharrison', 'Eharrison",16 Aug 2013 23:23,0,Safety Procedures
Training and proficiency,https://www.cirruspilots.org/copa/member/sr_aircraft/w/copapedia/training-and-proficiency.aspx,Yes,", '', 'Eharrison', 'Eharrison",16 Aug 2013 23:28,0,Training and Proficiency
Waiver of subrogation,https://www.cirruspilots.org/copa/member/sr_aircraft/w/copapedia/491.waiver-of-subrogation.aspx,No,", '', 'Eharrison', '', 'Roger Whittier', 'Roger Whittier",8 May 2014 23:20,0,"""A waiver of subrogation is a contractual promise by the insurance company that even in the case of gross negligence it will not subrogate (seek damages from) a specific person or entity. Most insurers are selective about to whom they give such waivers. Some companies will offer a waiver of subrogation to a flight instructor who is giving instruction in the insured's airplane. It usually does not require that a fee be paid by the insured because the insured is obtaining additional training, however, some insurers will charge a fee.\nSubrogation is fairly rare. However, it has been noted in 2006 and 2007 that aviation insurers are much more likely to seek it than in the past, especially of renter pilots who damage flight school aircraft. The idea is to get the responsible party (or his/her insurance) to ultimately pay for a loss for which the insurer has already reimbursed the insured.\nThe insured individual may never know about the subrogation, but it can be important. As the PIC during an accident, you would still need to mention the claim, but you could also explain the root cause of the accident and successful subrogation (thus likely diverting responsibility for that loss, and possibly a surcharge for loss history.)\nA flight instructor would be wise to carry coverage that insures him or her for liability and physical damage to airplanes in which he is training people."""
Weather Safety,https://www.cirruspilots.org/copa/member/sr_aircraft/w/copapedia/weather-safety.aspx,No,", '', 'Eharrison', 'Eharrison",16 Aug 2013 23:39,0,Weather
